{"stats":{"minecraft:killed_by":{"minecraft:zombie_villager":1,"born_in_chaos_v1:baby_skeleton_minion":1,"born_in_chaos_v1:nightmare_stalker":3,"realmrpg_demons:chort":8,"minecraft:creeper":1,"born_in_chaos_v1:skeleton_thrasher":1,"born_in_chaos_v1:phantom_creeper":1,"born_in_chaos_v1:zombie_lumberjack":1,"born_in_chaos_v1:zombie_bruiser":1,"born_in_chaos_v1:zombie_clown":3,"minecraft:skeleton":2,"minecraft:zombie":5,"born_in_chaos_v1:corpse_fish":1,"alexsmobs:moose":9,"born_in_chaos_v1:door_knight":1},"minecraft:mined":{"minecraft:dark_oak_planks":1,"minecraft:deepslate_diamond_ore":3,"gravestone:gravestone":41,"minecraft:grass_block":5,"minecraft:spruce_fence":2,"minecraft:spruce_leaves":1,"minecraft:furnace":2,"minecraft:iron_ore":64,"minecraft:cobbled_deepslate":10,"minecraft:stripped_spruce_log":2,"treechop:chopped_log":6,"minecraft:deepslate_iron_ore":5,"minecraft:packed_ice":10,"gnumus:fragile_gnumus_jug":2,"minecraft:stone":33,"minecraft:deepslate_redstone_ore":4,"brewery:wild_hops":7,"minecraft:smoker":4,"minecraft:crafting_table":3,"biomesoplenty:fir_planks":2,"minecraft:cobblestone":2,"minecraft:blue_bed":4,"minecraft:stripped_spruce_wood":2,"minecraft:dark_oak_door":1,"minecraft:spruce_log":3,"minecraft:grass":2,"minecraft:coal_ore":64,"minecraft:dirt":2,"minecraft:deepslate":21,"minecraft:fern":5},"minecraft:used":{"brewery:pork_knuckle":4,"minecraft:stone_sword":122,"born_in_chaos_v1:ethereal_spirit":4,"minecraft:spruce_planks":26,"minecraft:chest":2,"minecraft:shield":49,"minecraft:iron_sword":500,"minecraft:cooked_chicken":13,"minecraft:iron_chestplate":1,"minecraft:torch":58,"minecraft:dirt":39,"alexsmobs:moose_ribs":5,"minecraft:carrot":1,"minecraft:spruce_fence":2,"minecraft:stripped_spruce_log":2,"minecraft:dark_oak_planks":1,"minecraft:wooden_axe":18,"minecraft:iron_helmet":1,"minecraft:iron_boots":1,"minecraft:furnace":3,"minecraft:cooked_beef":12,"minecraft:cobbled_deepslate":39,"gnumus:grilled_juicy_meat":8,"minecraft:iron_leggings":1,"minecraft:stripped_spruce_wood":2,"minecraft:cooked_mutton":13,"epicfight:skillbook":1,"minecraft:stone_pickaxe":118,"minecraft:wooden_pickaxe":10,"biomesoplenty:fir_planks":33,"minecraft:blue_bed":4,"minecraft:crafting_table":7,"minecraft:white_bed":1,"minecraft:smoker":4,"waystones:waystone":2,"born_in_chaos_v1:monster_flesh":2,"minecraft:iron_pickaxe":176,"minecraft:stone_axe":91,"minecraft:diamond_sword":68,"minecraft:cobblestone":9,"minecraft:porkchop":4,"minecraft:cooked_porkchop":1},"minecraft:crafted":{"gnumus:grilled_juicy_meat":8,"minecraft:cooked_chicken":13,"minecraft:furnace":1,"minecraft:cooked_mutton":14,"minecraft:iron_boots":1,"minecraft:stone_pickaxe":1,"minecraft:chest":2,"minecraft:cooked_beef":12,"minecraft:wooden_shovel":1,"minecraft:diamond_sword":1,"minecraft:cooked_porkchop":3,"minecraft:crafting_table":4,"brewery:pork_knuckle":2,"minecraft:spruce_planks":92,"minecraft:iron_helmet":1,"minecraft:wooden_pickaxe":1,"minecraft:iron_sword":3,"minecraft:stone_axe":1,"minecraft:air":0,"biomesoplenty:fir_planks":40,"minecraft:iron_chestplate":1,"minecraft:gold_nugget":1,"minecraft:shield":2,"minecraft:stick":28,"minecraft:iron_ingot":31,"minecraft:iron_pickaxe":1,"minecraft:wooden_axe":1,"minecraft:stone_sword":1,"minecraft:iron_leggings":1,"minecraft:white_bed":1,"minecraft:torch":56},"minecraft:dropped":{"minecraft:magenta_carpet":2,"minecraft:wheat_seeds":5,"minecraft:golden_helmet":2,"minecraft:poisonous_potato":1,"minecraft:feather":9,"minecraft:cobblestone":8,"minecraft:coal":3,"biomesoplenty:fir_sapling":2,"minecraft:red_carpet":2,"minecraft:dirt":31,"minecraft:repeater":4,"minecraft:wooden_axe":1,"minecraft:brown_wool":1,"gravestone:obituary":49,"minecraft:gold_nugget":3,"minecraft:bone_meal":1,"minecraft:string":5,"minecraft:spruce_sapling":16,"minecraft:dark_oak_door":1,"minecraft:stone_axe":1,"minecraft:sugar_cane":1,"minecraft:cobbled_deepslate":1,"minecraft:stone_sword":3,"alexsmobs:animal_dictionary":1,"minecraft:wheat":2,"born_in_chaos_v1:rotten_fish":2,"minecraft:rotten_flesh":13,"minecraft:clay_ball":4,"minecraft:cooked_mutton":1,"gnumus:gnumus_doubloons":3,"minecraft:potato":1,"minecraft:shield":1,"minecraft:gunpowder":3,"minecraft:spruce_planks":4,"born_in_chaos_v1:corpse_maggot":6,"minecraft:wooden_shovel":1,"brewery:hops_seeds":12,"minecraft:arrow":2,"minecraft:wooden_pickaxe":1,"minecraft:stone_pickaxe":2},"minecraft:picked_up":{"minecraft:crafting_table":3,"minecraft:wheat":4,"minecraft:chicken":13,"minecraft:clay_ball":4,"minecraft:magenta_carpet":2,"minecraft:chain":1,"gravestone:obituary":7,"minecraft:string":5,"born_in_chaos_v1:intoxicating_decoction":1,"minecraft:gold_nugget":2,"minecraft:cobbled_deepslate":41,"biomesoplenty:fir_planks":4,"minecraft:beef":18,"minecraft:sugar_cane":2,"minecraft:furnace":2,"minecraft:dark_oak_door":1,"minecraft:golden_helmet":2,"minecraft:stick":8,"minecraft:raw_iron":69,"gnumus:juicy_meat":10,"minecraft:torch":2,"minecraft:spruce_fence":2,"epicfight:skillbook":1,"minecraft:porkchop":12,"born_in_chaos_v1:pieceofdarkmetal":3,"born_in_chaos_v1:nightmare_claw":2,"minecraft:redstone":18,"minecraft:carrot":1,"minecraft:dark_oak_planks":1,"minecraft:stone_sword":2,"minecraft:arrow":7,"minecraft:rotten_flesh":99,"minecraft:mutton":16,"minecraft:white_wool":9,"minecraft:cobblestone":33,"born_in_chaos_v1:corpse_maggot":21,"gnumus:gnumus_doubloons":4,"minecraft:feather":9,"minecraft:repeater":4,"born_in_chaos_v1:monster_flesh":3,"minecraft:brown_wool":1,"minecraft:leather":14,"minecraft:golden_leggings":1,"minecraft:smoker":4,"minecraft:potato":1,"biomesoplenty:fir_sapling":2,"biomesoplenty:fir_log":46,"minecraft:tuff":5,"minecraft:stripped_spruce_wood":2,"minecraft:gunpowder":3,"minecraft:dirt":70,"minecraft:blue_bed":4,"minecraft:lantern":5,"born_in_chaos_v1:monster_skin":10,"brewery:hops_seeds":12,"minecraft:red_carpet":2,"minecraft:bone":18,"minecraft:wheat_seeds":5,"alexsmobs:cockroach_wing_fragment":1,"minecraft:iron_ingot":13,"minecraft:stone_pickaxe":1,"born_in_chaos_v1:lifestealer_bone":4,"born_in_chaos_v1:ethereal_spirit":9,"minecraft:poisonous_potato":1,"born_in_chaos_v1:dark_rod":5,"minecraft:stripped_spruce_log":12,"minecraft:spruce_sapling":16,"minecraft:spruce_log":71,"minecraft:spider_eye":2,"minecraft:slime_ball":3,"born_in_chaos_v1:fire_dust":3,"minecraft:diamond":3,"minecraft:stone_axe":1,"waystones:waystone":2,"minecraft:bone_meal":2,"alexsmobs:moose_ribs":7,"born_in_chaos_v1:rotten_fish":2,"minecraft:coal":129},"minecraft:custom":{"minecraft:mob_kills":201,"minecraft:interact_with_crafting_table":22,"minecraft:damage_dealt_resisted":2077,"minecraft:leave_game":5,"minecraft:time_since_death":9690,"minecraft:sprint_one_cm":643857,"minecraft:walk_one_cm":1210613,"minecraft:damage_blocked_by_shield":3704,"minecraft:drop":128,"minecraft:damage_dealt_absorbed":285,"minecraft:play_time":182095,"minecraft:deaths":43,"minecraft:sneak_time":15963,"minecraft:walk_under_water_one_cm":20477,"minecraft:jump":2860,"minecraft:walk_on_water_one_cm":86161,"minecraft:total_world_time":182095,"minecraft:interact_with_furnace":33,"minecraft:sleep_in_bed":2,"minecraft:time_since_rest":9719,"minecraft:waystone_activated":3,"minecraft:damage_taken":15699,"minecraft:damage_dealt":32269,"minecraft:swim_one_cm":1541,"minecraft:fly_one_cm":936162,"minecraft:open_chest":28,"minecraft:crouch_one_cm":45167,"minecraft:interact_with_smoker":20,"minecraft:fall_one_cm":73948},"minecraft:killed":{"born_in_chaos_v1:zombie_clown":2,"born_in_chaos_v1:restless_spirit":3,"born_in_chaos_v1:zombie_lumberjack":1,"minecraft:spider":7,"born_in_chaos_v1:zombie_bruiser":1,"born_in_chaos_v1:baby_skeleton_minion":1,"born_in_chaos_v1:maggot":22,"minecraft:skeleton":5,"minecraft:chicken":8,"realmrpg_demons:chort":3,"born_in_chaos_v1:corpse_fish":1,"born_in_chaos_v1:firelight_not_despawn":2,"born_in_chaos_v1:barrel_zombie":1,"born_in_chaos_v1:fallen_chaos_knight":1,"minecraft:pig":5,"born_in_chaos_v1:baby_skeleton":1,"born_in_chaos_v1:swarmer":1,"minecraft:bat":2,"minecraft:creeper":3,"born_in_chaos_v1:decrepit_skeleton":7,"minecraft:sheep":7,"minecraft:zombie":65,"alexsmobs:cockroach":1,"born_in_chaos_v1:dread_hound":3,"born_in_chaos_v1:corpse_fly":11,"born_in_chaos_v1:dark_vortex":3,"born_in_chaos_v1:nightmare_stalker":2,"alexsmobs:moose":3,"born_in_chaos_v1:door_knight":2,"minecraft:cow":9,"born_in_chaos_v1:lifestealer_true_form":1},"minecraft:broken":{"minecraft:stone_axe":1,"minecraft:iron_sword":2,"minecraft:iron_pickaxe":1}},"DataVersion":3465}