{"stats":{"minecraft:killed_by":{"realmrpg_demons:chort":1,"alexsmobs:bison":2,"born_in_chaos_v1:decaying_zombie":1,"minecraft:skeleton":1,"born_in_chaos_v1:scarlet_persecutor":1,"minecraft:vex":3},"minecraft:mined":{"minecraft:white_bed":1,"minecraft:brewing_stand":3,"gravestone:gravestone":9,"minecraft:granite":2,"minecraft:grass_block":6,"minecraft:crimson_roots":1,"minecraft:spruce_leaves":3,"minecraft:spawner":7,"minecraft:hay_block":25,"minecraft:furnace":4,"minecraft:carrots":9,"treechop:chopped_log":6,"vinery:taiga_grape_bush_white":1,"minecraft:bookshelf":54,"minecraft:potatoes":8,"minecraft:stone":25,"minecraft:melon_stem":1,"minecraft:powder_snow":5,"minecraft:crafting_table":2,"minecraft:torch":1,"biomesoplenty:fir_planks":12,"minecraft:rose_bush":1,"born_in_chaos_v1:chipped_black_argillite_brick":1,"minecraft:blue_bed":3,"minecraft:wall_torch":2,"minecraft:wheat":19,"minecraft:spruce_log":3,"biomesoplenty:fir_log":3,"minecraft:grass":3,"minecraft:oak_log":4,"minecraft:coal_ore":29,"minecraft:beetroots":12,"minecraft:gravel":1,"minecraft:dirt":12,"minecraft:oak_leaves":5,"minecraft:fern":4},"minecraft:used":{"minecraft:stone_sword":132,"minecraft:shield":9,"minecraft:iron_sword":120,"minecraft:cooked_chicken":1,"minecraft:torch":12,"minecraft:dirt":3,"minecraft:carrot":7,"minecraft:spruce_boat":8,"minecraft:furnace":4,"minecraft:cooked_beef":31,"minecraft:wheat_seeds":19,"minecraft:cooked_mutton":2,"minecraft:water_bucket":11,"minecraft:stone_pickaxe":60,"minecraft:wooden_pickaxe":26,"biomesoplenty:fir_planks":25,"minecraft:blue_bed":2,"minecraft:crafting_table":4,"minecraft:white_bed":3,"waystones:waystone":4,"minecraft:apple":4,"minecraft:bread":21,"minecraft:iron_pickaxe":2,"minecraft:stone_axe":106,"minecraft:wooden_sword":7,"minecraft:cobblestone":4,"minecraft:cooked_porkchop":9,"minecraft:bucket":12,"minecraft:oak_boat":2,"alexsmobs:animal_dictionary":1},"minecraft:crafted":{"minecraft:cherry_planks":4,"minecraft:wooden_sword":1,"minecraft:cooked_chicken":1,"minecraft:furnace":1,"minecraft:cooked_mutton":2,"minecraft:stone_pickaxe":1,"minecraft:spruce_boat":1,"minecraft:cooked_beef":23,"minecraft:cooked_porkchop":9,"minecraft:crafting_table":4,"minecraft:spruce_planks":20,"minecraft:wooden_pickaxe":1,"minecraft:iron_sword":1,"minecraft:stone_axe":1,"minecraft:air":0,"biomesoplenty:fir_planks":88,"minecraft:oak_boat":1,"minecraft:iron_chestplate":1,"minecraft:stick":28,"minecraft:stone_sword":1,"minecraft:torch":16},"minecraft:dropped":{"minecraft:feather":5,"minecraft:cobblestone":5,"minecraft:leather":3,"minecraft:granite":2,"born_in_chaos_v1:pieceofdarkmetal":2,"alexsmobs:bison_fur":1,"biomesoplenty:fir_sapling":3,"minecraft:flint":1,"born_in_chaos_v1:monster_flesh":1,"minecraft:dirt":13,"minecraft:rose_bush":1,"born_in_chaos_v1:fused_bone":1,"born_in_chaos_v1:stimulating_decoction":1,"minecraft:potion":3,"gravestone:obituary":9,"minecraft:wooden_sword":1,"minecraft:string":8,"minecraft:white_wool":1,"epicfight:stray_robe":1,"vinery:taiga_grape_seeds_white":1,"minecraft:bone":6,"born_in_chaos_v1:fire_dust":4,"born_in_chaos_v1:ethereal_spirit":1,"minecraft:rotten_flesh":20,"minecraft:name_tag":1,"minecraft:white_bed":1,"minecraft:spider_eye":1,"minecraft:arrow":3,"minecraft:wooden_pickaxe":1},"minecraft:picked_up":{"minecraft:crafting_table":2,"minecraft:wheat":11,"minecraft:chicken":4,"minecraft:potion":5,"minecraft:brewing_stand":3,"minecraft:string":8,"born_in_chaos_v1:intoxicating_decoction":4,"minecraft:beetroot":10,"biomesoplenty:fir_planks":61,"minecraft:beef":40,"minecraft:oak_boat":2,"minecraft:rose_bush":1,"minecraft:poppy":2,"born_in_chaos_v1:stimulating_decoction":1,"minecraft:furnace":4,"minecraft:tipped_arrow":2,"minecraft:stick":12,"born_in_chaos_v1:shattered_skull":2,"sophisticatedbackpacks:crafting_upgrade":1,"minecraft:torch":3,"minecraft:porkchop":10,"minecraft:cherry_log":1,"minecraft:carrot":30,"born_in_chaos_v1:pieceofdarkmetal":2,"minecraft:arrow":7,"minecraft:rotten_flesh":20,"minecraft:beetroot_seeds":32,"minecraft:hay_block":25,"epicfight:stray_robe":1,"minecraft:mutton":2,"minecraft:white_wool":1,"minecraft:cobblestone":25,"born_in_chaos_v1:fused_bone":1,"minecraft:feather":5,"born_in_chaos_v1:monster_flesh":1,"gnumus:overripe_carrot":2,"minecraft:leather":7,"minecraft:potato":32,"biomesoplenty:fir_sapling":3,"biomesoplenty:fir_log":22,"alexsmobs:bison_fur":1,"minecraft:flint":1,"minecraft:oak_log":5,"minecraft:dirt":16,"minecraft:blue_bed":4,"minecraft:bone":15,"minecraft:apple":2,"minecraft:wheat_seeds":24,"minecraft:iron_ingot":1,"sophisticatedbackpacks:diamond_backpack":1,"minecraft:book":153,"vinery:taiga_grape_seeds_white":1,"born_in_chaos_v1:ethereal_spirit":1,"minecraft:white_bed":2,"minecraft:spruce_log":5,"minecraft:spider_eye":1,"born_in_chaos_v1:fire_dust":4,"minecraft:spruce_boat":7,"waystones:waystone":6,"minecraft:granite":2,"minecraft:golden_apple":1,"minecraft:bread":12,"minecraft:coal":29},"minecraft:custom":{"minecraft:mob_kills":57,"minecraft:interact_with_crafting_table":16,"minecraft:open_barrel":3,"minecraft:damage_dealt_resisted":1968,"minecraft:leave_game":7,"minecraft:time_since_death":35436,"minecraft:climb_one_cm":5841,"minecraft:sprint_one_cm":921903,"minecraft:walk_one_cm":603658,"minecraft:damage_blocked_by_shield":510,"minecraft:drop":56,"minecraft:damage_dealt_absorbed":197,"minecraft:talked_to_villager":5,"minecraft:play_time":156187,"minecraft:deaths":10,"minecraft:sneak_time":5097,"minecraft:walk_under_water_one_cm":50008,"minecraft:boat_one_cm":382851,"minecraft:jump":3755,"minecraft:walk_on_water_one_cm":44086,"minecraft:total_world_time":156187,"minecraft:interact_with_furnace":26,"minecraft:sleep_in_bed":1,"minecraft:time_since_rest":35459,"minecraft:waystone_activated":4,"minecraft:damage_taken":6304,"minecraft:damage_dealt":9787,"minecraft:swim_one_cm":47012,"minecraft:fly_one_cm":1516332,"minecraft:open_chest":46,"minecraft:crouch_one_cm":17815,"minecraft:fall_one_cm":73374},"minecraft:killed":{"minecraft:vex":1,"minecraft:cave_spider":4,"born_in_chaos_v1:door_knight_not_despawn":1,"born_in_chaos_v1:zombie_clown_not_despawn":1,"minecraft:spider":2,"born_in_chaos_v1:siamese_skeletonsright":1,"born_in_chaos_v1:scarlet_persecutor":1,"minecraft:skeleton":3,"minecraft:chicken":4,"realmrpg_demons:chort":1,"alexsmobs:bison":4,"born_in_chaos_v1:firelight_not_despawn":3,"minecraft:pig":6,"born_in_chaos_v1:decrepit_skeleton":2,"minecraft:sheep":1,"minecraft:zombie":7,"born_in_chaos_v1:dread_hound":1,"born_in_chaos_v1:corpse_fly":1,"minecraft:stray":2,"minecraft:cow":8},"minecraft:broken":{"minecraft:stone_sword":1}},"DataVersion":3465}