{"stats":{"minecraft:killed_by":{"minecraft:evoker":1,"born_in_chaos_v1:nightmare_stalker":1,"minecraft:vindicator":1,"born_in_chaos_v1:scarlet_persecutor":1,"alexsmobs:moose":2,"minecraft:vex":4},"minecraft:mined":{"minecraft:dark_oak_planks":4,"minecraft:spruce_planks":4,"minecraft:white_bed":5,"biomesoplenty:desert_grass":2,"gravestone:gravestone":11,"minecraft:grass_block":5,"minecraft:spruce_fence":2,"minecraft:white_stained_glass":7,"minecraft:light_gray_bed":1,"minecraft:coal_block":3,"minecraft:spruce_leaves":2,"minecraft:potted_bamboo":1,"minecraft:spawner":2,"minecraft:hay_block":78,"minecraft:carrots":9,"minecraft:iron_ore":5,"minecraft:fire":5,"minecraft:pumpkin":2,"treechop:chopped_log":12,"minecraft:gold_block":1,"minecraft:dark_oak_stairs":11,"minecraft:bookshelf":29,"minecraft:potatoes":21,"minecraft:pointed_dripstone":1,"minecraft:dirt_path":2,"minecraft:vine":1,"minecraft:oak_stairs":3,"minecraft:lantern":1,"minecraft:bamboo":1,"biomesoplenty:spider_egg":1,"minecraft:iron_block":2,"minecraft:stone":166,"minecraft:spruce_slab":1,"minecraft:glass_pane":3,"minecraft:red_bed":1,"minecraft:powder_snow":5,"minecraft:crafting_table":9,"minecraft:poppy":1,"minecraft:melon":2,"minecraft:chest":2,"minecraft:rose_bush":1,"minecraft:campfire":2,"minecraft:tall_grass":1,"born_in_chaos_v1:chipped_black_argillite_brick":1,"biomesoplenty:sprout":1,"minecraft:blue_bed":5,"minecraft:chain":3,"minecraft:wheat":35,"minecraft:ice":1,"minecraft:creeper_head":1,"minecraft:spruce_log":1,"minecraft:birch_leaves":2,"minecraft:mangrove_planks":1,"minecraft:grass":17,"minecraft:oak_log":1,"minecraft:coal_ore":74,"minecraft:cocoa":3,"minecraft:beetroots":22,"minecraft:dirt":9,"minecraft:dripstone_block":3,"minecraft:cobweb":9,"minecraft:oak_leaves":6,"minecraft:fern":2},"minecraft:used":{"minecraft:rose_bush":1,"minecraft:spruce_slab":1,"minecraft:chest":2,"minecraft:spruce_planks":17,"minecraft:iron_sword":284,"minecraft:cooked_salmon":5,"minecraft:torch":36,"minecraft:dirt":13,"minecraft:spruce_fence":2,"minecraft:spruce_boat":9,"minecraft:dark_oak_planks":1,"minecraft:iron_axe":61,"minecraft:oak_stairs":3,"minecraft:item_frame":3,"minecraft:cooked_cod":5,"minecraft:cooked_beef":7,"minecraft:cooked_mutton":1,"minecraft:dark_oak_stairs":11,"minecraft:water_bucket":3,"minecraft:stone_pickaxe":221,"minecraft:mangrove_planks":1,"minecraft:wooden_pickaxe":22,"minecraft:chainmail_helmet":1,"minecraft:blue_bed":4,"minecraft:cookie":1,"minecraft:golden_apple":1,"minecraft:crafting_table":9,"minecraft:red_bed":2,"minecraft:white_bed":4,"minecraft:bread":47,"minecraft:iron_pickaxe":24,"minecraft:stone_axe":106,"alexsmobs:cooked_moose_ribs":3,"minecraft:bucket":4,"minecraft:chain":1,"alexsmobs:animal_dictionary":3,"minecraft:diamond_leggings":1,"minecraft:cobweb":2,"minecraft:experience_bottle":4,"minecraft:chainmail_leggings":1},"minecraft:crafted":{"minecraft:coal":27,"sophisticatedbackpacks:crafting_upgrade":2,"minecraft:iron_axe":1,"minecraft:stone_pickaxe":2,"minecraft:chest":3,"minecraft:spruce_boat":1,"sophisticatedbackpacks:iron_backpack":1,"minecraft:wheat":117,"minecraft:cooked_beef":15,"minecraft:red_dye":1,"minecraft:cooked_cod":5,"sophisticatedbackpacks:backpack":1,"minecraft:crafting_table":2,"minecraft:spruce_planks":100,"minecraft:wooden_pickaxe":1,"minecraft:iron_sword":1,"alexsmobs:cooked_moose_ribs":3,"minecraft:red_bed":1,"minecraft:cooked_salmon":4,"sophisticatedbackpacks:gold_backpack":1,"minecraft:bucket":1,"minecraft:stone_axe":1,"born_in_chaos_v1:bone_heart":1,"sophisticatedbackpacks:upgrade_base":2,"minecraft:bread":45,"minecraft:air":0,"minecraft:stick":16,"minecraft:iron_ingot":21},"minecraft:dropped":{"minecraft:bread":12,"born_in_chaos_v1:shattered_skull":1,"minecraft:dark_oak_stairs":1,"minecraft:wheat_seeds":54,"epicfight:stray_hat":1,"minecraft:golden_apple":1,"minecraft:red_carpet":3,"minecraft:item_frame":1,"minecraft:stick":1,"born_in_chaos_v1:monster_flesh":2,"minecraft:stone_button":1,"minecraft:rose_bush":9,"gravestone:obituary":15,"sophisticatedbackpacks:crafting_upgrade":1,"minecraft:dark_oak_planks":3,"epicfight:stray_robe":1,"minecraft:stone_axe":1,"minecraft:rotten_flesh":7,"minecraft:white_bed":1,"brewery:hops":1,"minecraft:tipped_arrow":3,"minecraft:flower_pot":1,"minecraft:oak_sapling":3,"minecraft:spruce_slab":1,"minecraft:wooden_pickaxe":1},"minecraft:picked_up":{"minecraft:cocoa_beans":12,"minecraft:charcoal":4,"minecraft:crafting_table":9,"vinery:red_grape":2,"minecraft:wheat":35,"minecraft:chicken":1,"minecraft:creeper_head":1,"minecraft:flower_pot":1,"born_in_chaos_v1:seedof_chaos":4,"gnumus:gnumus_claw":1,"minecraft:oak_stairs":3,"minecraft:gold_block":1,"minecraft:chain":3,"gravestone:obituary":4,"minecraft:string":11,"minecraft:red_bed":1,"minecraft:cooked_salmon":1,"epicfight:stray_hat":1,"born_in_chaos_v1:intoxicating_decoction":2,"minecraft:item_frame":4,"minecraft:experience_bottle":4,"brewery:hops":1,"minecraft:beetroot":17,"minecraft:beef":12,"minecraft:rose_bush":10,"minecraft:jungle_sapling":3,"minecraft:poppy":1,"minecraft:spruce_slab":2,"minecraft:melon_slice":8,"minecraft:coal_block":3,"minecraft:chest":2,"minecraft:tipped_arrow":4,"minecraft:stick":33,"minecraft:raw_iron":5,"born_in_chaos_v1:shattered_skull":1,"minecraft:spruce_fence":2,"minecraft:stone_button":1,"minecraft:cookie":1,"minecraft:pointed_dripstone":4,"minecraft:carrot":30,"minecraft:dark_oak_planks":4,"minecraft:arrow":8,"minecraft:light_gray_bed":1,"minecraft:rotten_flesh":20,"minecraft:beetroot_seeds":47,"minecraft:pumpkin_pie":2,"minecraft:hay_block":78,"minecraft:iron_block":2,"epicfight:stray_robe":1,"minecraft:cod":5,"minecraft:cobblestone":166,"born_in_chaos_v1:fused_bone":1,"born_in_chaos_v1:spiritual_dust":3,"minecraft:salmon":4,"minecraft:jungle_log":20,"minecraft:leather":8,"minecraft:potato":71,"gnumus:gnumus_pouch":2,"minecraft:birch_planks":4,"waystones:sandy_waystone":1,"minecraft:oak_log":52,"minecraft:dirt":58,"minecraft:blue_bed":4,"minecraft:lantern":4,"minecraft:cooked_mutton":1,"minecraft:bone":17,"minecraft:red_carpet":3,"minecraft:apple":4,"minecraft:wheat_seeds":206,"minecraft:iron_ingot":2,"minecraft:bamboo":13,"minecraft:mangrove_planks":1,"minecraft:dark_oak_stairs":12,"minecraft:book":89,"minecraft:pumpkin":2,"born_in_chaos_v1:orbofthe_summoner":1,"born_in_chaos_v1:ethereal_spirit":1,"minecraft:dripstone_block":6,"minecraft:spruce_sapling":14,"minecraft:white_bed":6,"minecraft:spruce_log":25,"born_in_chaos_v1:fire_dust":2,"minecraft:spruce_boat":9,"minecraft:writable_book":1,"alexsmobs:moose_ribs":3,"minecraft:emerald":5,"minecraft:oak_sapling":35,"minecraft:coal":75},"minecraft:custom":{"minecraft:mob_kills":46,"minecraft:interact_with_crafting_table":24,"minecraft:open_barrel":28,"minecraft:bell_ring":1,"minecraft:eat_cake_slice":7,"minecraft:damage_dealt_resisted":2452,"minecraft:leave_game":2,"minecraft:time_since_death":69751,"minecraft:damage_resisted":37,"minecraft:climb_one_cm":8214,"minecraft:sprint_one_cm":1176638,"minecraft:walk_one_cm":1457568,"minecraft:drop":52,"minecraft:damage_dealt_absorbed":18,"minecraft:play_time":224057,"minecraft:sneak_time":3342,"minecraft:deaths":10,"minecraft:walk_under_water_one_cm":14946,"minecraft:boat_one_cm":227604,"minecraft:jump":4263,"minecraft:interact_with_blast_furnace":2,"minecraft:walk_on_water_one_cm":40318,"minecraft:total_world_time":224057,"minecraft:interact_with_furnace":17,"minecraft:sleep_in_bed":9,"minecraft:time_since_rest":41718,"minecraft:waystone_activated":2,"minecraft:damage_taken":5272,"minecraft:damage_absorbed":40,"minecraft:damage_dealt":9191,"minecraft:swim_one_cm":47322,"minecraft:fly_one_cm":1477421,"minecraft:open_chest":79,"minecraft:crouch_one_cm":13665,"minecraft:interact_with_smoker":5,"minecraft:fall_one_cm":98269},"minecraft:killed":{"born_in_chaos_v1:zombie_clown":1,"minecraft:cave_spider":1,"minecraft:vindicator":1,"born_in_chaos_v1:zombie_bruiser":1,"born_in_chaos_v1:baby_skeleton_minion":6,"minecraft:skeleton":1,"realmrpg_demons:chort":1,"gnumus:gnumus_hunter":1,"born_in_chaos_v1:supreme_bonescaller_stage_2":1,"born_in_chaos_v1:firelight_not_despawn":3,"born_in_chaos_v1:spiritof_chaos":1,"born_in_chaos_v1:bone_imp_minion":5,"minecraft:zombie_villager":1,"born_in_chaos_v1:baby_skeleton":1,"alexsmobs:seal":4,"born_in_chaos_v1:decrepit_skeleton":1,"minecraft:zombie":2,"born_in_chaos_v1:bonescaller_not_despawn":2,"minecraft:stray":3,"alexsmobs:moose":1,"born_in_chaos_v1:siamese_skeletonsleft":1,"minecraft:cow":5},"minecraft:broken":{"minecraft:leather_chestplate":1,"minecraft:stone_pickaxe":1,"minecraft:leather_boots":1,"minecraft:iron_sword":1}},"DataVersion":3465}